"Protein","Label","log2FC","SE","Tvalue","DF","pvalue","adj.pvalue","issue","MissingPercentage","ImputationPercentage","HgncId"
"B9A064","neg vs pos",0.289168813227902,0.0290298430266267,9.96108773177556,2,0.00992843836713075,0.0694990685699153,NA,0,0,"38476"
"O00391","neg vs pos",0.61514367352039,0.607915303579319,1.01189042272585,1,0.496237573382871,0.496237573382871,NA,0.25,0,"9756"
"O14818","neg vs pos",-0.351724166825181,0.180293183487185,-1.95084561724532,2,0.190360070677825,0.333130123686193,NA,0.208333333333333,0.208333333333333,"9536"
"O43598","neg vs pos",0.444322024324174,0.222001037180599,2.00144120931613,2,0.18330743657428,0.333130123686193,NA,0.1875,0.1875,"21218"
"O43707","neg vs pos",-0.678628567390453,0.196242424527707,-3.45811344832135,2,0.0744090385980984,0.260431635093345,NA,0.140625,0.140625,"166"
"P16050","neg vs pos",0.239036560821488,0.213802694760769,1.11802407864388,2,0.379829709925256,0.443134661579466,NA,0.134615384615385,0.134615384615385,"11390"
"P84243","neg vs pos",-1.03311234546861,0.833093604461367,-1.24009155746258,2,0.3406963949584,0.443134661579466,NA,0.125,0.125,"4765"
